query_name,query_cdr3a,query_cdr3b,cdr3a,cdr3b,score,epitope,antigen,pathogen,HLA,source_db
cell_001,CAGPTTSGTYKYIF,CASSLVSPSEQFF,CAGPTTSGTYKYIF,CASSLVSPSEQFF,1.0,YLSNIIPAL,RFC5,Ovarian cancer,HLA-A*02:01,NeoTCR
cell_001,CAGPTTSGTYKYIF,CASSLVSPSEQFF,CAGPTTSGTYKYIF,CASSLVSPSEQFF,1.0,YLSNIIPAL,RFC5,HomoSapiens,HLA-A*02:01,VDJdb
cell_001,CAGPTTSGTYKYIF,CASSLVSPSEQFF,CAGPTTSGTYKYIF,CASSLVSPSEQFF,1.0,YLSNIIPAL,,,HLA-A*02:01,IEDB
cell_003,CAVIDYKLSF,CASSLDQGAQDNEQFF,CAVIDYKLSF,CASSLDQGAQDNEQFF,1.0,YLYDRLLRV,GINS1,Ovarian cancer,HLA-A*02:01,NeoTCR
cell_003,CAVIDYKLSF,CASSLDQGAQDNEQFF,CAVIDYKLSF,CASSLDQGAQDNEQFF,1.0,YLYDRLLRV,GINS1,HomoSapiens,HLA-A*02:01,VDJdb
cell_003,CAVIDYKLSF,CASSLDQGAQDNEQFF,CAVIDYKLSF,CASSLDQGAQDNEQFF,1.0,YLYDRLLRI,DNA replication complex GINS protein PSF1,Homo sapiens (human),HLA-A*02:01,IEDB
cell_003,CAVIDYKLSF,CASSLDQGAQDNEQFF,CAVIDYKLSF,CASSLDQGAQDNEQFF,1.0,YLYDRLLRV,,,HLA-A*02:01,IEDB
cell_004,CAVRDHSNYQLIW,CASSQSGGGGFSYNEQFF,CAVRDHSNYQLIW,CASSQSGGGGFSYNEQFF,1.0,WAKFLDPITGTFHYYHSPTNTVHMY,USP8,Colorectal cancer,n.a.,NeoTCR
cell_005,CLVGDMDQAGTALIF,CASSLGRASNQPQHF,CLVGDMDQAGTALIF,CASSLGRASNQPQHF,1.0,GADGVGKSA,KRAS,Colorectal cancer,HLA-C*08:02,NeoTCR
cell_002,CVVSASYNTDKLIF,CASSLFTGTNEQFF,CVVSASYNTDKLIF,CASSLFTGTNEQFF,1.0,QLCDVMFYL,BRAP,Ovarian cancer,HLA-A*02:01,NeoTCR
cell_002,CVVSASYNTDKLIF,CASSLFTGTNEQFF,CVVSASYNTDKLIF,CASSLFTGTNEQFF,1.0,QLCDVMFYL,BRAP,HomoSapiens,HLA-A*02:01,VDJdb
cell_002,CVVSASYNTDKLIF,CASSLFTGTNEQFF,CVVSASYNTDKLIF,CASSLFTGTNEQFF,1.0,QLCDVMFYL,,,HLA-A*02:01,IEDB
