query_name,query_cdr3a,cdr3a,score,epitope,antigen,pathogen,HLA,source_db
cell_001,CAGPTTSGTYKYIF,CAGPTTSGTYKYIF,1.0,YLSNIIPAL,RFC5,Ovarian cancer,HLA-A*02:01,NeoTCR
cell_002,CVVSASYNTDKLIF,CVVSASYNTDKLIF,1.0,QLCDVMFYL,BRAP,Ovarian cancer,HLA-A*02:01,NeoTCR
cell_003,CAVIDYKLSF,CAVIDYKLSF,1.0,YLYDRLLRV,GINS1,Ovarian cancer,HLA-A*02:01,NeoTCR
cell_004,CAVRDHSNYQLIW,CAVRDHSNYQLIW,1.0,WAKFLDPITGTFHYYHSPTNTVHMY,USP8,Colorectal cancer,n.a.,NeoTCR
cell_005,CLVGDMDQAGTALIF,CLVGDMDQAGTALIF,1.0,GADGVGKSA,KRAS,Colorectal cancer,HLA-C*08:02,NeoTCR
cell_005,CLVGDMDQAGTALIF,CLVGDMDQAGTALIF,1.0,MTEYKLVVVGADGVGKSALTIQLI,KRAS,Colorectal cancer,HLA-C*08:02,NeoTCR
cell_005,CLVGDMDQAGTALIF,CLVGDMDQAGTALIF,1.0,MTEYKLVVVGADGVGKSALTIQLI,KRAS,Colorectal cancer,HLA-C*08:02,NeoTCR
cell_005,CLVGDMDQAGTALIF,CLVGDMDQAGTALIF,1.0,GADGVGKSA,KRAS,Colorectal cancer,HLA-C*08:02,NeoTCR
cell_005,CLVGDMDQAGTALIF,CLVGDMDQAGTALIF,1.0,GADGVGKSA,KRAS,Colorectal cancer,HLA-C*08:02,NeoTCR
cell_005,CLVGDMDQAGTALIF,CLVGDMDQAGTALIF,1.0,GADGVGKSA,KRAS,Colorectal cancer,HLA-C*08:02,NeoTCR
cell_003,CAVIDYKLSF,CAVIDYKLSF,1.0,YLYDRLLRV,GINS1,HomoSapiens,HLA-A*02:01,VDJdb
cell_002,CVVSASYNTDKLIF,CVVSASYNTDKLIF,1.0,QLCDVMFYL,BRAP,HomoSapiens,HLA-A*02:01,VDJdb
cell_001,CAGPTTSGTYKYIF,CAGPTTSGTYKYIF,1.0,YLSNIIPAL,RFC5,HomoSapiens,HLA-A*02:01,VDJdb
cell_005,CLVGDMDQAGTALIF,CLVGDMDQAGTALIF,1.0,GADGVGKSAL,KRAS,HomoSapiens,HLA-C*08:02,VDJdb
cell_001,CAGPTTSGTYKYIF,CAGPTTSGTYKYIF,1.0,YLSNIIPAL,,,HLA-A*02:01,IEDB
cell_002,CVVSASYNTDKLIF,CVVSASYNTDKLIF,1.0,QLCDVMFYL,,,HLA-A*02:01,IEDB
cell_003,CAVIDYKLSF,CAVIDYKLSF,1.0,YLYDRLLRI,DNA replication complex GINS protein PSF1,Homo sapiens (human),HLA-A*02:01,IEDB
cell_003,CAVIDYKLSF,CAVIDYKLSF,1.0,YLYDRLLRV,,,HLA-A*02:01,IEDB
cell_001,CAGPTTSGTYKYIF,CAGPTTSGTYKYIF,1.0,KLGGALQAK,regulatory protein IE1 [Human betaherpesvirus 5],Human herpesvirus 5 (Human cytomegalovirus),HLA-A*03:01,IEDB
